Property,Correlation score
existed_before,0.6040938510635001
sentient,0.5911624499411084
awareness,0.5771149883007008
volition,0.476036925264944
existed_after,0.4568321542326954
change_of_location,0.4529217403674994
was_for_benefit,0.3955778010252983
change_of_possession,0.30283496108724495
change_of_state_continuous,0.30167493018062064
change_of_state,0.2937296100493407
existed_during,0.23096783997662307
was_used,0.22843489240441628
instigation,0.2284092412700434
partitive,0.2200320882437385
