Embeddings,Subspace,awareness,change_of_location,change_of_possession,change_of_state,change_of_state_continuous,existed_after,existed_before,existed_during,instigation,partitive,sentient,volition,was_for_benefit,was_used
DistilBERT,Tr,0.6342638914259509,0.5791053147720796,0.49220020419727745,0.37120222691362204,0.3804664823304142,0.5916826144648425,0.5622942156699922,0.5995066669720712,0.5580526714702979,0.48131268195528465,0.6203130444424958,0.6253462801400691,0.6067537677578755,0.6242157153249654
DistilBERT,Intr,0.42111621097755664,0.5456538719552733,0.6277586157540701,0.5244426379534544,0.5281707968419229,0.40784550940443043,0.36120060719774705,0.46107670603214096,0.3161415796844663,0.4974324418725468,0.40892701540686943,0.4035081927893923,0.4118341112502648,0.5516768492536719
Pythia70m,Tr,0.5817504377813973,0.4732408243761986,0.4536109724070985,0.47140251552302004,0.4684336325408583,0.6255990123061388,0.6127051858347217,0.5420886547228007,0.6147868008212702,0.4618576471835141,0.5761023800403978,0.5797295539358589,0.5446082375731945,0.5274741707281108
Pythia70m,Intr,0.4181337334071174,0.418781458072939,0.5694078382182863,0.5141433022076327,0.5122857081021535,0.5127002622152212,0.4957372726401261,0.4983530931492762,0.4874855807912072,0.5241267894584017,0.4202038983105988,0.41141454784161136,0.39327049027579847,0.4567106074071859
GPT2-XL,Tr,0.5923510989510291,0.5466130511248085,0.38313069645593195,0.3125356379410208,0.3264997334978586,0.5837334856900264,0.574466214151347,0.5066036762007698,0.5862120426420966,0.45650956234115037,0.5987682428176905,0.5961836359772453,0.5801233504762524,0.5340545674326507
GPT2-XL,Intr,0.38237676450340463,0.5350378837677383,0.5524298832480281,0.48207284975161363,0.48929938065940215,0.4157443813625946,0.41346294546377477,0.46323612316937324,0.38794751624678064,0.5324505687287633,0.39229272770261536,0.3763704337912764,0.4153116383254327,0.41544403233288285
